x,y,z,nx,ny,nz
-4.0500,-4.6500,-0.0000,0.000000,0.000000,1.000000
-3.7500,-4.6500,-0.0000,0.000000,0.000000,1.000000
-1.3500,-4.6500,-0.0000,0.000000,0.000000,1.000000
-0.7500,-4.6500,-0.0000,0.000000,0.000000,1.000000
-0.1500,-4.6500,-0.0000,0.000000,0.000000,1.000000
1.3500,-4.6500,0.0000,0.000000,0.000000,1.000000
1.6500,-4.6500,0.0000,0.000000,0.000000,1.000000
-4.6500,-4.3500,-0.0000,0.000000,0.000000,1.000000
-0.4500,-4.3500,-0.0000,0.000000,0.000000,1.000000
0.1500,-4.3500,0.0000,0.000000,0.000000,1.000000
1.0500,-4.3500,0.0000,0.000000,0.000000,1.000000
1.6500,-4.3500,0.0000,0.000000,0.000000,1.000000
2.2500,-4.3500,0.0000,0.000000,0.000000,1.000000
3.1500,-4.3500,0.0000,0.000000,0.000000,1.000000
3.4500,-4.3500,0.0000,0.000000,0.000000,1.000000
4.0500,-4.3500,0.0000,0.000000,0.000000,1.000000
4.3500,-4.3500,0.0000,0.000000,0.000000,1.000000
-4.0500,-4.0500,-0.0000,0.000000,0.000000,1.000000
-3.1500,-4.0500,-0.0000,0.000000,0.000000,1.000000
2.5500,-4.0500,0.0000,0.000000,0.000000,1.000000
3.7500,-4.0500,0.0000,0.000000,0.000000,1.000000
-4.6500,-3.7500,-0.0000,0.000000,0.000000,1.000000
-3.1500,-3.7500,-0.0000,0.000000,0.000000,1.000000
-1.0500,-3.7500,-0.0000,0.000000,0.000000,1.000000
-0.1500,-3.7500,-0.0000,0.000000,0.000000,1.000000
0.4500,-3.7500,0.0000,0.000000,0.000000,1.000000
1.6500,-3.7500,0.0000,0.000000,0.000000,1.000000
2.2500,-3.7500,0.0000,0.000000,0.000000,1.000000
4.0500,-3.7500,0.0000,0.000000,0.000000,1.000000
4.6500,-3.7500,0.0000,0.000000,0.000000,1.000000
-4.6500,-3.4500,-0.0000,0.000000,0.000000,1.000000
-0.1500,-3.4500,-0.0000,0.000000,0.000000,1.000000
0.7500,-3.4500,0.0000,0.000000,0.000000,1.000000
1.9500,-3.4500,0.0000,0.000000,0.000000,1.000000
2.5500,-3.4500,0.0000,0.000000,0.000000,1.000000
4.0500,-3.4500,0.0000,0.000000,0.000000,1.000000
4.6500,-3.4500,0.0000,0.000000,0.000000,1.000000
-0.7500,-3.1500,-0.0000,0.000000,0.000000,1.000000
1.6500,-3.1500,0.0000,0.000000,0.000000,1.000000
1.9500,-3.1500,0.0000,0.000000,0.000000,1.000000
2.8500,-3.1500,0.0000,0.000000,0.000000,1.000000
4.3500,-3.1500,0.0000,0.000000,0.000000,1.000000
-4.3500,-2.8500,-0.0000,0.000000,0.000000,1.000000
-3.4500,-2.8500,-0.0000,0.000000,0.000000,1.000000
-1.9500,-2.8500,-0.0000,0.000000,0.000000,1.000000
-1.3500,-2.8500,-0.0000,0.000000,0.000000,1.000000
-0.1500,-2.8500,-0.0000,0.000000,0.000000,1.000000
0.7500,-2.8500,0.0000,0.000000,0.000000,1.000000
1.3500,-2.8500,0.0000,0.000000,0.000000,1.000000
1.9500,-2.8500,0.0000,0.000000,0.000000,1.000000
4.0500,-2.8500,0.0000,0.000000,0.000000,1.000000
4.3500,-2.8500,0.0000,0.000000,0.000000,1.000000
4.6500,-2.8500,0.0000,0.000000,0.000000,1.000000
-3.7500,-2.5500,-0.0000,0.000000,0.000000,1.000000
-1.6500,-2.5500,-0.0000,0.000000,0.000000,1.000000
-1.0500,-2.5500,-0.0000,0.000000,0.000000,1.000000
0.1500,-2.5500,0.0000,0.000000,0.000000,1.000000
2.5500,-2.5500,0.0000,0.000000,0.000000,1.000000
-4.3500,-2.2500,-0.0000,0.000000,0.000000,1.000000
-2.5500,-2.2500,-0.0000,0.000000,0.000000,1.000000
-1.3500,-2.2500,-0.0000,0.000000,0.000000,1.000000
-0.7500,-2.2500,-0.0000,0.000000,0.000000,1.000000
0.1500,-2.2500,0.0000,0.000000,0.000000,1.000000
-4.3500,-1.9500,-0.0000,0.000000,0.000000,1.000000
-3.7500,-1.9500,-0.0000,0.000000,0.000000,1.000000
-2.2500,-1.9500,-0.0000,0.000000,0.000000,1.000000
-0.4500,-1.9500,-0.0000,0.000000,0.000000,1.000000
1.9500,-1.9500,0.0000,0.000000,0.000000,1.000000
3.4500,-1.9500,0.0000,0.000000,0.000000,1.000000
4.3500,-1.9500,0.0000,0.000000,0.000000,1.000000
-3.7500,-1.6500,-0.0000,0.000000,0.000000,1.000000
-2.8500,-1.6500,-0.0000,0.000000,0.000000,1.000000
-1.3500,-1.6500,-0.0000,0.000000,0.000000,1.000000
-0.7500,-1.6500,-0.0000,0.000000,0.000000,1.000000
-0.4500,-1.6500,-0.0000,0.000000,0.000000,1.000000
0.7500,-1.6500,0.0000,0.000000,0.000000,1.000000
1.3500,-1.6500,0.0000,0.000000,0.000000,1.000000
2.8500,-1.6500,0.0000,0.000000,0.000000,1.000000
3.1500,-1.6500,0.0000,0.000000,0.000000,1.000000
4.6500,-1.6500,0.0000,0.000000,0.000000,1.000000
-4.0500,-1.3500,-0.0000,0.000000,0.000000,1.000000
-2.5500,-1.3500,-0.0000,0.000000,0.000000,1.000000
-1.0500,-1.3500,-0.0000,0.000000,0.000000,1.000000
-0.7500,-1.3500,-0.0000,0.000000,0.000000,1.000000
-0.1500,-1.3500,-0.0000,0.000000,0.000000,1.000000
0.4500,-1.3500,0.0000,0.000000,0.000000,1.000000
1.3500,-1.3500,0.0000,0.000000,0.000000,1.000000
2.5500,-1.3500,0.0000,0.000000,0.000000,1.000000
3.7500,-1.3500,0.0000,0.000000,0.000000,1.000000
4.0500,-1.3500,0.0000,0.000000,0.000000,1.000000
4.6500,-1.3500,0.0000,0.000000,0.000000,1.000000
-1.3500,-1.0500,-0.0000,0.000000,0.000000,1.000000
-0.7500,-1.0500,-0.0000,0.000000,0.000000,1.000000
0.1500,-1.0500,0.0000,0.000000,0.000000,1.000000
0.7500,-1.0500,0.0000,0.000000,0.000000,1.000000
1.0500,-1.0500,0.0000,0.000000,0.000000,1.000000
2.5500,-1.0500,0.0000,0.000000,0.000000,1.000000
-3.1500,-0.7500,-0.0000,0.000000,0.000000,1.000000
-2.5500,-0.7500,-0.0000,0.000000,0.000000,1.000000
-1.0500,-0.7500,-0.0000,0.000000,0.000000,1.000000
1.9500,-0.7500,0.0000,0.000000,0.000000,1.000000
2.8500,-0.7500,0.0000,0.000000,0.000000,1.000000
-4.3500,-0.4500,-0.0000,0.000000,0.000000,1.000000
-1.6500,-0.4500,-0.0000,0.000000,0.000000,1.000000
-0.7500,-0.4500,-0.0000,0.000000,0.000000,1.000000
-0.4500,-0.4500,-0.0000,0.000000,0.000000,1.000000
0.7500,-0.4500,0.0000,0.000000,0.000000,1.000000
1.0500,-0.4500,0.0000,0.000000,0.000000,1.000000
1.9500,-0.4500,0.0000,0.000000,0.000000,1.000000
2.2500,-0.4500,0.0000,0.000000,0.000000,1.000000
2.8500,-0.4500,0.0000,0.000000,0.000000,1.000000
3.1500,-0.4500,0.0000,0.000000,0.000000,1.000000
1.3500,-0.1500,0.0000,0.000000,0.000000,1.000000
2.5500,-0.1500,0.0000,0.000000,0.000000,1.000000
3.1500,-0.1500,0.0000,0.000000,0.000000,1.000000
-4.0500,0.1500,-0.0000,0.000000,0.000000,1.000000
-2.5500,0.1500,-0.0000,0.000000,0.000000,1.000000
-1.6500,0.1500,-0.0000,0.000000,0.000000,1.000000
-1.3500,0.1500,-0.0000,0.000000,0.000000,1.000000
1.9500,0.1500,0.0000,0.000000,0.000000,1.000000
2.2500,0.1500,0.0000,0.000000,0.000000,1.000000
3.1500,0.1500,0.0000,0.000000,0.000000,1.000000
-4.3500,0.4500,-0.0000,0.000000,0.000000,1.000000
-1.9500,0.4500,-0.0000,0.000000,0.000000,1.000000
0.7500,0.4500,0.0000,0.000000,0.000000,1.000000
1.0500,0.4500,0.0000,0.000000,0.000000,1.000000
1.3500,0.4500,0.0000,0.000000,0.000000,1.000000
1.6500,0.4500,0.0000,0.000000,0.000000,1.000000
2.2500,0.4500,0.0000,0.000000,0.000000,1.000000
2.8500,0.4500,0.0000,0.000000,0.000000,1.000000
3.7500,0.4500,0.0000,0.000000,0.000000,1.000000
4.3500,0.4500,0.0000,0.000000,0.000000,1.000000
-2.8500,0.7500,-0.0000,0.000000,0.000000,1.000000
-1.3500,0.7500,-0.0000,0.000000,0.000000,1.000000
-1.0500,0.7500,-0.0000,0.000000,0.000000,1.000000
2.5500,0.7500,0.0000,0.000000,0.000000,1.000000
4.3500,0.7500,0.0000,0.000000,0.000000,1.000000
-4.6500,1.0500,-0.0000,0.000000,0.000000,1.000000
-4.3500,1.0500,-0.0000,0.000000,0.000000,1.000000
-3.4500,1.0500,-0.0000,0.000000,0.000000,1.000000
-1.9500,1.0500,-0.0000,0.000000,0.000000,1.000000
-1.6500,1.0500,-0.0000,0.000000,0.000000,1.000000
-0.4500,1.0500,-0.0000,0.000000,0.000000,1.000000
0.4500,1.0500,0.0000,0.000000,0.000000,1.000000
2.5500,1.0500,0.0000,0.000000,0.000000,1.000000
2.8500,1.0500,0.0000,0.000000,0.000000,1.000000
3.1500,1.0500,0.0000,0.000000,0.000000,1.000000
4.3500,1.0500,0.0000,0.000000,0.000000,1.000000
-4.6500,1.3500,-0.0000,0.000000,0.000000,1.000000
-4.3500,1.3500,-0.0000,0.000000,0.000000,1.000000
-2.5500,1.3500,-0.0000,0.000000,0.000000,1.000000
-0.7500,1.3500,-0.0000,0.000000,0.000000,1.000000
0.1500,1.3500,0.0000,0.000000,0.000000,1.000000
0.4500,1.3500,0.0000,0.000000,0.000000,1.000000
1.6500,1.3500,0.0000,0.000000,0.000000,1.000000
2.5500,1.3500,0.0000,0.000000,0.000000,1.000000
3.4500,1.3500,0.0000,0.000000,0.000000,1.000000
-4.3500,1.6500,-0.0000,0.000000,0.000000,1.000000
-4.0500,1.6500,-0.0000,0.000000,0.000000,1.000000
-3.7500,1.6500,-0.0000,0.000000,0.000000,1.000000
-3.1500,1.6500,-0.0000,0.000000,0.000000,1.000000
-1.9500,1.6500,-0.0000,0.000000,0.000000,1.000000
-1.0500,1.6500,-0.0000,0.000000,0.000000,1.000000
-0.7500,1.6500,-0.0000,0.000000,0.000000,1.000000
0.7500,1.6500,0.0000,0.000000,0.000000,1.000000
1.0500,1.6500,0.0000,0.000000,0.000000,1.000000
4.0500,1.6500,0.0000,0.000000,0.000000,1.000000
-4.3500,1.9500,-0.0000,0.000000,0.000000,1.000000
-3.7500,1.9500,-0.0000,0.000000,0.000000,1.000000
-0.1500,1.9500,-0.0000,0.000000,0.000000,1.000000
0.1500,1.9500,0.0000,0.000000,0.000000,1.000000
1.3500,1.9500,0.0000,0.000000,0.000000,1.000000
2.2500,1.9500,0.0000,0.000000,0.000000,1.000000
-4.0500,2.2500,-0.0000,0.000000,0.000000,1.000000
-2.5500,2.2500,-0.0000,0.000000,0.000000,1.000000
-2.2500,2.2500,-0.0000,0.000000,0.000000,1.000000
-1.3500,2.2500,-0.0000,0.000000,0.000000,1.000000
-0.4500,2.2500,-0.0000,0.000000,0.000000,1.000000
0.7500,2.2500,0.0000,0.000000,0.000000,1.000000
2.8500,2.2500,0.0000,0.000000,0.000000,1.000000
4.3500,2.2500,0.0000,0.000000,0.000000,1.000000
-4.3500,2.5500,-0.0000,0.000000,0.000000,1.000000
-2.5500,2.5500,-0.0000,0.000000,0.000000,1.000000
-1.9500,2.5500,-0.0000,0.000000,0.000000,1.000000
-1.6500,2.5500,-0.0000,0.000000,0.000000,1.000000
-1.3500,2.5500,-0.0000,0.000000,0.000000,1.000000
-0.7500,2.5500,-0.0000,0.000000,0.000000,1.000000
-0.1500,2.5500,-0.0000,0.000000,0.000000,1.000000
2.5500,2.5500,0.0000,0.000000,0.000000,1.000000
3.7500,2.5500,0.0000,0.000000,0.000000,1.000000
-4.0500,2.8500,-0.0000,0.000000,0.000000,1.000000
-3.1500,2.8500,-0.0000,0.000000,0.000000,1.000000
-1.6500,2.8500,-0.0000,0.000000,0.000000,1.000000
-0.7500,2.8500,-0.0000,0.000000,0.000000,1.000000
2.8500,2.8500,0.0000,0.000000,0.000000,1.000000
3.1500,2.8500,0.0000,0.000000,0.000000,1.000000
3.4500,2.8500,0.0000,0.000000,0.000000,1.000000
-4.6500,3.1500,-0.0000,0.000000,0.000000,1.000000
-4.3500,3.1500,-0.0000,0.000000,0.000000,1.000000
-4.0500,3.1500,-0.0000,0.000000,0.000000,1.000000
-3.4500,3.1500,-0.0000,0.000000,0.000000,1.000000
-2.8500,3.1500,-0.0000,0.000000,0.000000,1.000000
-1.0500,3.1500,-0.0000,0.000000,0.000000,1.000000
0.7500,3.1500,0.0000,0.000000,0.000000,1.000000
2.2500,3.1500,0.0000,0.000000,0.000000,1.000000
3.7500,3.1500,0.0000,0.000000,0.000000,1.000000
4.6500,3.1500,0.0000,0.000000,0.000000,1.000000
-2.2500,3.4500,-0.0000,0.000000,0.000000,1.000000
-1.9500,3.4500,-0.0000,0.000000,0.000000,1.000000
3.4500,3.4500,0.0000,0.000000,0.000000,1.000000
-4.6500,3.7500,-0.0000,0.000000,0.000000,1.000000
-1.3500,3.7500,-0.0000,0.000000,0.000000,1.000000
2.2500,3.7500,0.0000,0.000000,0.000000,1.000000
2.8500,3.7500,0.0000,0.000000,0.000000,1.000000
3.7500,3.7500,0.0000,0.000000,0.000000,1.000000
4.0500,3.7500,0.0000,0.000000,0.000000,1.000000
-2.5500,4.0500,-0.0000,0.000000,0.000000,1.000000
-2.2500,4.0500,-0.0000,0.000000,0.000000,1.000000
-0.4500,4.0500,-0.0000,0.000000,0.000000,1.000000
-0.1500,4.0500,-0.0000,0.000000,0.000000,1.000000
1.6500,4.0500,0.0000,0.000000,0.000000,1.000000
2.2500,4.0500,0.0000,0.000000,0.000000,1.000000
4.0500,4.0500,0.0000,0.000000,0.000000,1.000000
-3.4500,4.3500,-0.0000,0.000000,0.000000,1.000000
-2.8500,4.3500,-0.0000,0.000000,0.000000,1.000000
-1.3500,4.3500,-0.0000,0.000000,0.000000,1.000000
2.2500,4.3500,0.0000,0.000000,0.000000,1.000000
3.4500,4.3500,0.0000,0.000000,0.000000,1.000000
-4.3500,4.6500,-0.0000,0.000000,0.000000,1.000000
-3.4500,4.6500,-0.0000,0.000000,0.000000,1.000000
-2.8500,4.6500,-0.0000,0.000000,0.000000,1.000000
-2.2500,4.6500,-0.0000,0.000000,0.000000,1.000000
0.1500,4.6500,0.0000,0.000000,0.000000,1.000000
0.7500,4.6500,0.0000,0.000000,0.000000,1.000000
1.0500,4.6500,0.0000,0.000000,0.000000,1.000000
1.6500,4.6500,0.0000,0.000000,0.000000,1.000000
1.9500,4.6500,0.0000,0.000000,0.000000,1.000000
2.5500,4.6500,0.0000,0.000000,0.000000,1.000000
2.8500,4.6500,0.0000,0.000000,0.000000,1.000000
4.3500,4.6500,0.0000,0.000000,0.000000,1.000000
